,employee_id,name,dates_of_birth,phone_number,Last_4_SSN
0,6612,Martha Hutchinson,11/14/1970,6230384053,1533
1,4793,Meghan Cervantes,8/20/1992,7208193673,4697
2,8832,April Hanna,4/17/1986,4807207696,1235
3,7044,George Yang,3/15/2001,4804826262,6215
4,4498,Joseph Patrick,10/9/1998,7204132278,4681
5,4037,Spencer White,7/23/1988,4803256914,2451
6,6312,Angela Arellano,2/14/1966,6236184469,1431
7,3872,Willie Hernandez,6/2/1969,4800086520,3826
8,9353,Jose Campbell,3/23/1980,6236922922,5877
9,8989,Robert Adams,2/10/1984,4802609430,3153
10,4625,Richard Gamble,8/10/1959,4804231810,7066
11,6165,Carrie Perkins,1/11/1992,7201047971,6587
12,1366,Marcus Wilson Jr.,3/8/1965,4808496045,7956
13,8716,Terry White,5/26/1980,7206602663,5797
14,7239,Lisa Wood,5/21/1959,7209092749,4766
15,2943,Chad Romero,9/25/1967,6233837070,8471
16,6951,Kathleen Villa,8/4/2005,6238902255,4956
17,6903,Samuel Wells,8/2/1965,6234121136,5141
18,7931,Lori Lewis,11/10/1985,6238606596,1303
19,2850,David Hurst,1/18/1963,6233055993,5658
20,6741,Heather Davis,8/8/1998,4803141335,4461
21,8555,Ms. Lisa Warner MD,8/10/1967,4801886193,9683
22,7574,John Mcfarland MD,7/8/1998,6231406510,7934
23,9451,Amber Chambers,12/31/1971,6230380650,3753
24,4723,Michelle Hunter,3/27/1974,7201477246,4203
25,8841,Michael Snyder,2/18/1976,7209093153,6023
26,1299,Tiffany White,12/3/1994,6239961233,5111
27,7300,Crystal Foley,7/8/1988,7204548529,1945
28,4481,Daniel Boyd,11/14/1997,4808486255,8407
29,9389,Stacey Shaw,2/16/1973,7206066000,8164
30,1502,Jackie Fox,6/12/1975,4801015258,1733
31,9019,Tammy Merritt,3/16/1975,4807343101,5415
32,7884,David Andrews,3/31/2003,4809963912,2034
33,9309,Jason Warren,1/13/1979,4806407667,1193
34,8043,Jennifer Griffin,5/25/1979,6231516104,4508
35,1629,Daniel Hughes,9/20/1983,4808125862,3013
36,3015,Angela Johnson,1/7/2000,6235739399,5189
37,2807,Kayla Jones,7/13/1998,6234017494,9197
38,9320,Andrew Stewart,7/14/1999,7201906822,6673
39,4998,Russell Miller,6/13/1963,7208743367,2603
40,6095,Anthony Horton,3/3/1964,7201935356,7532
41,7291,Carlos Baker,6/17/1963,7201790020,8930
42,4887,Nicholas Carter,2/19/1964,7204319654,4170
43,4555,Paul Thomas,6/7/1980,4800829253,7170
44,4469,Todd Haynes,1/24/1962,7208826109,2203
45,9134,Mark Vance,1/4/1980,6231429637,1930
46,9091,Zachary Graves,1/3/1975,6232779505,3176
47,1133,Kevin Atkins,11/8/1971,4808519944,4480
48,5439,Timothy Chaney,8/30/1996,6233411001,2537
49,5073,James Cole DDS,3/25/1995,4800319657,8812
50,1994,Antonio Nixon,6/10/1961,6234050297,9267
51,4894,Brittney Foster,2/12/1959,6230528373,4861
52,9267,Christopher Christensen,10/21/1958,6230605461,9119
53,6716,Valerie Gonzalez,6/25/1999,7209905496,5266
54,5095,Matthew Clark,10/19/1975,7202092684,5463
55,7663,Amanda Nichols,8/27/1981,4809627068,1738
56,8623,Mrs. Brittany Lee,6/5/1982,4806237634,9090
57,7050,Ryan Baker,8/17/1964,6232169252,1381
58,8606,Joshua Krueger,12/4/1970,6234425659,7651
59,6473,Dwayne Owens,9/2/2003,6237926933,9008
60,5424,Sarah Carrillo,2/9/1990,6237927687,4238
61,2099,Eric Black,8/26/1984,6230395502,9574
62,9806,Michael Carr,12/26/1983,6235910345,7872
63,4248,Nathan Jones,7/31/1969,4805214263,2335
64,3434,Meagan Murphy,4/24/1995,7205372832,6613
65,9627,Carla Davis,10/2/1964,7202158444,5796
66,5324,Joshua Spencer,12/3/1976,6234765265,8432
67,1321,Aaron Kelly,5/12/1997,4806518551,1120
68,2878,Kimberly Smith,1/24/1988,4807636246,5191
69,9925,Kayla White,9/3/1978,6230558172,2180
70,8786,Dr. Amanda Gray,3/13/1988,4800032920,1028
71,4243,Emily Scott,7/14/1992,6239529943,7292
72,7829,Destiny Nguyen,8/1/1980,7202744751,6661
73,5059,Joshua Morton,8/2/2005,6237540152,4221
74,3878,Holly Wu,10/17/1991,6231015321,1371
75,2884,Rebecca King,9/1/1958,7206064621,9668
76,8477,Justin Tanner,12/21/1995,7208629303,9762
77,1949,Michele Bennett,7/2/1995,6230600640,8302
78,8064,Adam Salazar,9/18/1995,7203006633,6028
79,7324,Veronica Diaz,4/1/1971,7202006021,2779
80,7633,Craig Rivera,7/12/1964,7208968045,8983
81,8009,Rebecca Doyle,1/4/1991,7204608859,3586
82,2516,Deanna Wiley,8/2/1971,6232797012,7271
83,7090,Scott Cummings,6/25/1989,7207283468,9025
84,7829,Erin Parrish,11/13/1997,6235658905,1565
85,8405,Norma Pope,1/13/1991,6234297011,4568
86,8845,Cheryl Schaefer DDS,11/5/1999,4804699652,7690
87,3032,Logan Davis,1/27/2005,4802511010,7619
88,3231,Christopher Vega,10/5/2004,7201402996,3712
89,7741,Nicole Duncan,11/13/1976,6231941968,1153
90,7355,Stephanie Johnson,7/20/1969,4801236672,7833
91,6340,Zachary Mullins,10/11/1996,4809986344,2761
92,6779,Stacy Eaton,5/11/1969,4800408364,5069
93,9223,Melanie Wallace,3/4/1982,6235528010,5379
94,2809,William Smith,9/20/1971,4802353481,2992
95,5347,Amy Alvarez,3/30/1979,7208665284,7498
96,1985,Robert Powers,2/26/1965,7209484637,7489
97,8202,Kenneth Hernandez,3/6/1968,7207337043,7695
98,8672,Brian King,1/28/1970,6236579804,5602
99,8304,Joshua Duncan,2/22/1995,6235789001,8563
,,,,,
,,,,,
,,,,,
,,,,,
,,,,,
,,,,,
,,,,,
,,,,,
,,,,,
,,,,,
,,,,,
,,,,,
,,,,,
,,,,,
,,,,,
,,,,,
,,,,,
,,,,,
,,,,,
,,,,,
,,,,,
,,,,,
,,,,,
,,,,,
,,,,,
,,,,,
,,,,,
,,,,,
,,,,,
,,,,,
,,,,,
,,,,,
,,,,,
,,,,,
,,,,,
,,,,,
,,,,,
,,,,,
,,,,,
,,,,,
,,,,,
,,,,,
,,,,,
,,,,,
,,,,,
,,,,,
,,,,,
,,,,,
,,,,,
,,,,,
,,,,,
,,,,,
,,,,,
,,,,,
,,,,,
,,,,,
,,,,,
,,,,,
,,,,,
,,,,,
,,,,,
,,,,,
,,,,,
,,,,,
,,,,,
,,,,,
,,,,,
,,,,,
,,,,,
,,,,,
,,,,,
,,,,,
,,,,,
,,,,,
,,,,,
,,,,,
,,,,,
,,,,,
,,,,,
,,,,,
,,,,,
,,,,,
,,,,,
,,,,,
,,,,,
,,,,,
,,,,,
,,,,,
,,,,,
,,,,,
,,,,,
,,,,,
,,,,,
,,,,,
,,,,,
,,,,,
,,,,,
,,,,,
,,,,,
,,,,,
,,,,,
,,,,,
,,,,,
,,,,,
,,,,,
,,,,,
,,,,,
,,,,,
,,,,,
,,,,,
,,,,,
,,,,,
,,,,,
,,,,,
,,,,,
,,,,,
,,,,,
,,,,,
,,,,,
,,,,,
,,,,,
,,,,,
,,,,,
,,,,,
,,,,,
,,,,,
,,,,,
,,,,,
,,,,,
,,,,,
,,,,,
,,,,,
,,,,,
,,,,,
,,,,,
,,,,,
,,,,,
,,,,,
,,,,,
,,,,,
,,,,,
,,,,,
,,,,,
,,,,,
,,,,,
,,,,,
,,,,,
,,,,,
,,,,,
,,,,,
,,,,,
,,,,,
,,,,,
,,,,,
,,,,,
,,,,,
,,,,,
,,,,,
,,,,,
,,,,,
,,,,,
,,,,,
,,,,,
,,,,,
,,,,,
,,,,,
,,,,,
,,,,,
,,,,,
,,,,,
,,,,,
,,,,,
,,,,,
,,,,,
,,,,,
,,,,,
,,,,,
,,,,,
,,,,,
,,,,,
,,,,,
,,,,,
,,,,,
,,,,,
,,,,,
,,,,,
,,,,,
,,,,,
,,,,,
,,,,,
,,,,,
,,,,,
,,,,,
,,,,,
,,,,,
,,,,,
,,,,,
,,,,,
,,,,,
,,,,,
,,,,,
,,,,,
,,,,,
,,,,,
,,,,,
,,,,,
,,,,,
,,,,,
,,,,,
,,,,,
,,,,,
,,,,,
,,,,,
,,,,,
,,,,,
,,,,,
,,,,,
,,,,,
,,,,,
,,,,,
,,,,,
,,,,,
,,,,,
,,,,,
,,,,,
,,,,,
,,,,,
,,,,,
,,,,,
,,,,,
,,,,,
973,1890,Whitney Hines,3/28/1970,+1-847-314-9446x846,
974,4294,Jasmine Santana,12/31/1963,356-576-5042x0684,
975,3833,Thomas Preston,10/24/1982,-5332,
976,8493,Kristin Fleming,7/20/1993,380-932-8561x79627,
977,1043,Jared Mitchell,4/13/1988,+1-296-972-1490x0777,
978,9380,Jason Adams,6/27/1990,212-438-3045x5213,
979,5017,Brian Conner,12/26/1958,(541)851-1685x86196,
980,1695,Thomas Potter,8/7/1970,(930)388-8466x17815,
981,2551,Mr. Stephen Johnson,9/2/1979,(347)805-8049,
982,8669,Andrew Hunt,10/13/2004,+1-476-310-5212x5323,
983,5262,Bernard Ferguson,6/23/1986,389-751-6191x40143,
984,2275,Amy Lopez,8/8/1997,280.445.0007x5651,
985,3352,Diana Reynolds,7/26/1975,694-247-0551x434,
986,3411,Todd Nguyen,3/6/2002,305.910.4175x2706,
987,6053,Jane Bean,11/21/1982,633.242.6348,
988,6851,Angela Bridges,11/30/1975,(441)840-4041,
989,6700,Joseph Hobbs,4/16/1994,(867)695-6115x39462,
990,9585,Jason Willis,3/24/1991,(472)296-5287,
991,6832,Janet Webster,11/24/1975,(358)829-8275x73142,
992,9677,Gary Webster,11/7/1959,9627820977,
993,2708,Thomas Stephens,8/30/1994,6329014387,
994,8256,Jonathan Owens,9/20/1961,(789)639-8595x61268,
995,9044,Sandra Carpenter,6/10/2005,591.823.6268,
996,3027,Jackie Church,11/30/1971,(640)334-0503,
997,3573,Maria Watson,12/19/1979,(398)901-9136,
998,2062,Damon Taylor,8/8/2001,451.687.5692x867,
999,4924,Jessica Ochoa,3/10/1958,670.699.6770x9449,
